0,1,2,3,4,5,6,7,8,9,10,11,12,13,14,15,16,17,18,19,20,21,22,23,24,25,26,27,28,29,30,31,32,33,34,35,36,37,38,39,40,41,42,43,44,45,46,47,48,49,50,51,52,53,54,55,56,57,58,59,60,61,62
0.2429390400648117,0.7485725283622742,-5.1698034297942286e-08,0.3069269359111786,0.6826184988021851,-0.0032968083396553993,0.3585909903049469,0.5666822791099548,-0.010965988039970398,0.40226686000823975,0.48178717494010925,-0.026481175795197487,0.4217647910118103,0.4050789475440979,-0.03956601023674011,0.28572943806648254,0.4448201656341553,0.024769200012087822,0.33191028237342834,0.3775215148925781,-0.005685157608240843,0.3762974441051483,0.3568112254142761,-0.02074485644698143,0.4140654504299164,0.34372401237487793,-0.026988938450813293,0.24678432941436768,0.4376523792743683,0.008874107152223587,0.32626187801361084,0.40600091218948364,-0.03106478974223137,0.3182161748409271,0.5058116912841797,-0.03575108200311661,0.2874455749988556,0.5202170014381409,-0.025768186897039413,0.21481028199195862,0.4441734850406647,-0.01267921645194292,0.2974492311477661,0.44610196352005005,-0.05861018970608711,0.2899986803531647,0.5418868064880371,-0.04791336879134178,0.2565458118915558,0.5482743382453918,-0.026763785630464554,0.18630477786064148,0.46334773302078247,-0.03462517261505127,0.26108628511428833,0.4681212902069092,-0.06011689826846123,0.2624276280403137,0.5382630825042725,-0.046224839985370636,0.23098209500312805,0.5519053936004639,-0.027211079373955727
0.2387201189994812,0.7521418929100037,-3.411830462596299e-08,0.311507910490036,0.6798343062400818,0.008170637302100658,0.360581636428833,0.5620534420013428,0.005504873115569353,0.4009269177913666,0.4821506142616272,-0.007912599481642246,0.4201953709125519,0.4177796244621277,-0.01918758638203144,0.2817493975162506,0.44216910004615784,0.03719329461455345,0.328329861164093,0.3746189475059509,0.007893671281635761,0.37441205978393555,0.36179256439208984,-0.00551218306645751,0.41325557231903076,0.3537878394126892,-0.010057513602077961,0.24116075038909912,0.43543681502342224,0.015303856693208218,0.3242986500263214,0.4055621325969696,-0.020893895998597145,0.31777921319007874,0.5081355571746826,-0.02340947464108467,0.28566715121269226,0.5186417102813721,-0.012829178012907505,0.21055854856967926,0.4444020390510559,-0.012042608112096786,0.2958360016345978,0.44715219736099243,-0.053951214998960495,0.2897990345954895,0.5438721776008606,-0.04208441823720932,0.2545695900917053,0.5473999381065369,-0.02191592939198017,0.1842651069164276,0.46702075004577637,-0.039201028645038605,0.2603332996368408,0.4701235592365265,-0.060857534408569336,0.2625761926174164,0.5420597791671753,-0.04553152993321419,0.22992897033691406,0.5564972758293152,-0.026845091953873634
0.23620398342609406,0.7534658908843994,-5.24913446042774e-08,0.31041595339775085,0.6804974675178528,0.005477364175021648,0.36019226908683777,0.5632902979850769,0.0016186102293431759,0.40078285336494446,0.48190581798553467,-0.01245037280023098,0.4197705388069153,0.41519254446029663,-0.024062728509306908,0.2814349830150604,0.44276776909828186,0.034153349697589874,0.3299088180065155,0.374198853969574,0.003963719587773085,0.3747485280036926,0.3621608018875122,-0.009839458391070366,0.4114346504211426,0.35443079471588135,-0.014388049021363258,0.24038492143154144,0.43566015362739563,0.013665971346199512,0.32381564378738403,0.4064687490463257,-0.022681206464767456,0.3172355592250824,0.5090621113777161,-0.02546687051653862,0.2846356928348541,0.5190504789352417,-0.015115028247237206,0.20962142944335938,0.4447474479675293,-0.01237539853900671,0.2949131727218628,0.4475904703140259,-0.054298821836709976,0.2890474498271942,0.5441412329673767,-0.042797625064849854,0.25351381301879883,0.5468238592147827,-0.0228623878210783,0.18334677815437317,0.4668522775173187,-0.03840777650475502,0.2593425512313843,0.469705730676651,-0.05987074598670006,0.26210644841194153,0.5413258075714111,-0.04449068009853363,0.2297242432832718,0.5554726123809814,-0.02568713016808033
0.23529529571533203,0.7552710175514221,-4.084309779273099e-08,0.31013286113739014,0.6808604598045349,0.005079406779259443,0.35990628600120544,0.5634236931800842,0.0013576189521700144,0.4005105495452881,0.4818763732910156,-0.012342416681349277,0.42024296522140503,0.41470104455947876,-0.023394443094730377,0.28008535504341125,0.4422193169593811,0.034356605261564255,0.32858017086982727,0.37527674436569214,0.004188463557511568,0.3734325170516968,0.36197635531425476,-0.009646985679864883,0.41048961877822876,0.3527905344963074,-0.014294135384261608,0.2390080988407135,0.4348750114440918,0.014000852592289448,0.3228265047073364,0.4059525728225708,-0.022124122828245163,0.31638139486312866,0.5082245469093323,-0.024679262191057205,0.28430551290512085,0.5170597434043884,-0.014164435677230358,0.20831352472305298,0.44392362236976624,-0.012029211968183517,0.29401353001594543,0.44746434688568115,-0.05430600047111511,0.28863367438316345,0.5436956882476807,-0.04282652959227562,0.25362062454223633,0.5449032187461853,-0.022732172161340714,0.18252471089363098,0.46669918298721313,-0.03805963695049286,0.25862032175064087,0.4691518545150757,-0.05983903259038925,0.261898934841156,0.540101170539856,-0.04436013847589493,0.22958950698375702,0.5535864233970642,-0.025366850197315216
0.23480410873889923,0.7554240822792053,-4.197307745812395e-08,0.3096191883087158,0.6802361011505127,0.007087788078933954,0.3591141104698181,0.5625170469284058,0.0040028635412454605,0.399958074092865,0.4813123941421509,-0.009863149374723434,0.4202807545661926,0.4143551290035248,-0.021270038560032845,0.27881380915641785,0.4423673748970032,0.03726845234632492,0.3273884057998657,0.37339985370635986,0.007056775037199259,0.37344974279403687,0.36126184463500977,-0.007420193869620562,0.41176849603652954,0.35331910848617554,-0.012498830445110798,0.23805256187915802,0.43579724431037903,0.015811501070857048,0.3218905031681061,0.4065987169742584,-0.020837154239416122,0.3156167268753052,0.5088434815406799,-0.024222305044531822,0.2833855450153351,0.5190327167510986,-0.014354288578033447,0.2076510488986969,0.44505029916763306,-0.011259829625487328,0.2933748662471771,0.4462820887565613,-0.05359616503119469,0.2880220413208008,0.5433056354522705,-0.04194016009569168,0.25294479727745056,0.5467538237571716,-0.021750621497631073,0.1818930208683014,0.4672795832157135,-0.03821081668138504,0.2591485381126404,0.4669559895992279,-0.05981459468603134,0.2623009979724884,0.5389675498008728,-0.04382116720080376,0.2300475686788559,0.55428546667099,-0.02442849613726139
0.23507927358150482,0.7536842226982117,-4.6443361156889296e-08,0.30926966667175293,0.6785436868667603,0.006741331424564123,0.3588259518146515,0.5626530051231384,0.0028782780282199383,0.39936187863349915,0.48022696375846863,-0.011858339421451092,0.4177655577659607,0.4110356569290161,-0.024200187996029854,0.2789773941040039,0.44216591119766235,0.0366513654589653,0.32696038484573364,0.3723483085632324,0.006520840805023909,0.3726990520954132,0.3600878119468689,-0.007492562290281057,0.4102286696434021,0.35299211740493774,-0.012039149180054665,0.2381497174501419,0.43533211946487427,0.015363392420113087,0.3217349946498871,0.40612173080444336,-0.021055307239294052,0.315662145614624,0.5088423490524292,-0.023868802934885025,0.2831561863422394,0.5195107460021973,-0.013517863117158413,0.20757421851158142,0.444347620010376,-0.011542938649654388,0.29322105646133423,0.4458332061767578,-0.05377393215894699,0.2877511978149414,0.5433409810066223,-0.04168012738227844,0.2525748312473297,0.5479646325111389,-0.021146075800061226,0.18130990862846375,0.46612825989723206,-0.038346048444509506,0.25818419456481934,0.466523140668869,-0.059874601662158966,0.2612755596637726,0.5390722155570984,-0.043709345161914825,0.22933396697044373,0.5552880167961121,-0.024133386090397835
0.23364999890327454,0.752906084060669,-3.983446461575113e-08,0.30817943811416626,0.6794195771217346,0.003940041642636061,0.3580489158630371,0.5624344348907471,-0.0006710533634759486,0.39854690432548523,0.48017746210098267,-0.015202685259282589,0.4178542196750641,0.4120223820209503,-0.027169210836291313,0.279773473739624,0.440789133310318,0.032950226217508316,0.3274745047092438,0.37260711193084717,0.0025166659615933895,0.3720908761024475,0.3599030375480652,-0.01141723245382309,0.408242791891098,0.3520652949810028,-0.015979185700416565,0.2385038137435913,0.43392395973205566,0.013321132399141788,0.321541965007782,0.4041514992713928,-0.023073507472872734,0.31595319509506226,0.5069811940193176,-0.02558303251862526,0.2837284505367279,0.5172149538993835,-0.014991037547588348,0.20740264654159546,0.4431840777397156,-0.012008030898869038,0.2922828793525696,0.4451378285884857,-0.05451240763068199,0.287629097700119,0.5422954559326172,-0.0427057221531868,0.25271445512771606,0.545964241027832,-0.022304769605398178,0.1806105077266693,0.46549996733665466,-0.03739478439092636,0.25631654262542725,0.46729204058647156,-0.05946018174290657,0.260100394487381,0.5393224358558655,-0.04390595108270645,0.2283189594745636,0.5544357299804688,-0.024718595668673515
0.23374582827091217,0.7535907030105591,-3.096664613622124e-08,0.3080524504184723,0.6803411245346069,0.0031863816548138857,0.35808759927749634,0.5626391768455505,-0.001487551722675562,0.39896851778030396,0.4797295033931732,-0.015776151791214943,0.4181360602378845,0.410435289144516,-0.02721712924540043,0.2789230942726135,0.4403051435947418,0.032569799572229385,0.32697877287864685,0.37188971042633057,0.0018251183209940791,0.371828556060791,0.3595818877220154,-0.012115961872041225,0.40838924050331116,0.35152673721313477,-0.016553400084376335,0.23775094747543335,0.4336785078048706,0.013376075774431229,0.32115721702575684,0.4038153886795044,-0.023020882159471512,0.3153466284275055,0.5061549544334412,-0.02546107769012451,0.28352615237236023,0.514742910861969,-0.014804252423346043,0.20700256526470184,0.4431602358818054,-0.011668005026876926,0.2921541929244995,0.44528892636299133,-0.0541607141494751,0.28733718395233154,0.5418723225593567,-0.04250933602452278,0.25268009305000305,0.5440053343772888,-0.02217521145939827,0.18113350868225098,0.46586698293685913,-0.03683857247233391,0.25697481632232666,0.4676876366138458,-0.058665141463279724,0.2606320381164551,0.5389863848686218,-0.04319758340716362,0.2286674976348877,0.5535789728164673,-0.024068128317594528
0.2336626797914505,0.7541899085044861,-3.213637000953895e-08,0.3082830607891083,0.6799048185348511,0.004052572883665562,0.35820472240448,0.5621424913406372,-0.0002279060718137771,0.3988014757633209,0.4792940616607666,-0.014314470812678337,0.4172554016113281,0.41004979610443115,-0.02559231035411358,0.27836886048316956,0.4409056603908539,0.03347838670015335,0.3263431489467621,0.37219730019569397,0.0029226443730294704,0.3714020550251007,0.359221875667572,-0.011062816716730595,0.40800437331199646,0.3508831560611725,-0.015618688426911831,0.23734018206596375,0.4341421127319336,0.013751057907938957,0.32091325521469116,0.4033231735229492,-0.022734379395842552,0.3158664107322693,0.5058952569961548,-0.025397462770342827,0.28400951623916626,0.515455961227417,-0.014864341355860233,0.20689654350280762,0.4435790777206421,-0.01173004973679781,0.2919786274433136,0.44501546025276184,-0.054327208548784256,0.28792306780815125,0.5421735048294067,-0.042623311281204224,0.2531457841396332,0.5448653101921082,-0.022233502939343452,0.1814000904560089,0.4662778973579407,-0.03726758435368538,0.2571581304073334,0.4675522744655609,-0.059170790016651154,0.26099061965942383,0.5392816662788391,-0.0435604453086853,0.22881469130516052,0.5540356636047363,-0.024347849190235138
0.2329193651676178,0.7541612386703491,-3.539352988468636e-08,0.3075088858604431,0.6816829442977905,0.003088294994086027,0.35741594433784485,0.5640975832939148,-0.0015441058203577995,0.39812225103378296,0.481550395488739,-0.015769261866807938,0.4182198643684387,0.4133864641189575,-0.027237415313720703,0.2790544629096985,0.44183599948883057,0.0318293459713459,0.32671016454696655,0.3724696636199951,0.001125743961893022,0.37172815203666687,0.3592020571231842,-0.01292689424008131,0.40813231468200684,0.35121187567710876,-0.017529161646962166,0.23790529370307922,0.4349355101585388,0.012751954607665539,0.3211101293563843,0.4046702980995178,-0.02380129136145115,0.31596773862838745,0.5066127777099609,-0.0265286136418581,0.2839123606681824,0.5164710879325867,-0.01613570749759674,0.20733505487442017,0.44414022564888,-0.012083183042705059,0.2923649549484253,0.44600406289100647,-0.054815225303173065,0.288164347410202,0.5427839159965515,-0.043478429317474365,0.2534385025501251,0.5459403991699219,-0.023357219994068146,0.1816369593143463,0.46639886498451233,-0.03701863810420036,0.25740185379981995,0.4684426188468933,-0.059187378734350204,0.2611834406852722,0.5398862957954407,-0.044066473841667175,0.22920037806034088,0.5546016693115234,-0.02520846575498581
0.23402002453804016,0.753167450428009,-3.9050426892117684e-08,0.30853113532066345,0.6807981133460999,0.003751281648874283,0.35845914483070374,0.5638854503631592,-0.0007526845438405871,0.39900314807891846,0.48190048336982727,-0.01505562849342823,0.4177406430244446,0.4138166308403015,-0.026678984984755516,0.2795150876045227,0.44209903478622437,0.031845927238464355,0.32721441984176636,0.37200233340263367,0.0010294701205566525,0.3726031184196472,0.3592313528060913,-0.013244310393929482,0.4091867506504059,0.35175684094429016,-0.017980780452489853,0.2385069727897644,0.4353640377521515,0.012366521172225475,0.3219832479953766,0.4061036705970764,-0.02453329972922802,0.3165337145328522,0.5069994926452637,-0.027765603736042976,0.28412386775016785,0.5166338682174683,-0.01779770664870739,0.20798109471797943,0.4445137083530426,-0.012735746800899506,0.29335352778434753,0.4470781087875366,-0.05556514859199524,0.28843027353286743,0.5432722568511963,-0.04447934031486511,0.2535450756549835,0.5462657809257507,-0.024579618126153946,0.18241257965564728,0.4664571285247803,-0.03787023946642876,0.2584361732006073,0.46923455595970154,-0.0601290762424469,0.2619032561779022,0.5404226183891296,-0.045100778341293335,0.2301914095878601,0.5550742745399475,-0.026310496032238007
0.23307284712791443,0.755160927772522,-4.3850580055959654e-08,0.3088128864765167,0.6823781728744507,0.003069939324632287,0.3587105870246887,0.5643165707588196,-0.0015271386364474893,0.3992488980293274,0.48120468854904175,-0.015738951042294502,0.41807007789611816,0.4117264151573181,-0.027022123336791992,0.27893853187561035,0.4439583122730255,0.0316275916993618,0.3264545500278473,0.3738136887550354,0.0007918744813650846,0.3718199133872986,0.360384464263916,-0.013149932958185673,0.409027636051178,0.3520534038543701,-0.017727777361869812,0.2382633239030838,0.43696263432502747,0.012360080145299435,0.321434885263443,0.40811628103256226,-0.024417949840426445,0.3151327669620514,0.5093206763267517,-0.027041075751185417,0.28271740674972534,0.5179780721664429,-0.016734082251787186,0.20791217684745789,0.44570040702819824,-0.012735816650092602,0.29290536046028137,0.447838693857193,-0.05587353929877281,0.28783541917800903,0.5440874099731445,-0.04441668838262558,0.2530378997325897,0.5462331175804138,-0.024293921887874603,0.1826290786266327,0.4671611487865448,-0.03795607388019562,0.25823748111724854,0.4690594971179962,-0.06062409281730652,0.26128092408180237,0.5400614142417908,-0.04562757536768913,0.22912201285362244,0.5540443658828735,-0.026890655979514122
0.2344600260257721,0.7540904879570007,-4.298980371686412e-08,0.3087881803512573,0.6813362240791321,0.00283551262691617,0.3594279885292053,0.5635803937911987,-0.002078030491247773,0.4001747667789459,0.48026034235954285,-0.016529208049178123,0.418544739484787,0.41015973687171936,-0.028184786438941956,0.2813842296600342,0.44229182600975037,0.030877450481057167,0.3285728991031647,0.37413251399993896,0.00012608623364940286,0.3730655908584595,0.3609660863876343,-0.013482162728905678,0.4098169207572937,0.3526458144187927,-0.017680231481790543,0.2396807223558426,0.43553292751312256,0.011598534882068634,0.3219520151615143,0.40661144256591797,-0.024847805500030518,0.3155566155910492,0.5091844201087952,-0.026668116450309753,0.28373482823371887,0.5181055665016174,-0.015581614337861538,0.20819029211997986,0.445122092962265,-0.013466356322169304,0.29262879490852356,0.44744065403938293,-0.056465357542037964,0.2876082956790924,0.5447133779525757,-0.04414531961083412,0.2532055974006653,0.5472183227539062,-0.02326035499572754,0.18167680501937866,0.467894583940506,-0.03866297006607056,0.2571580708026886,0.4684982895851135,-0.06120408698916435,0.2609245479106903,0.539831280708313,-0.045403387397527695,0.2294018715620041,0.5542969107627869,-0.025902850553393364
0.23370571434497833,0.7540556192398071,-3.558841754625064e-08,0.30870044231414795,0.6812387704849243,0.0027897858526557684,0.35945025086402893,0.5635959506034851,-0.002293216297402978,0.4003356397151947,0.47992783784866333,-0.016828125342726707,0.4178672432899475,0.4101179540157318,-0.028420764952898026,0.2810545563697815,0.44283634424209595,0.03074835054576397,0.32810279726982117,0.37453514337539673,-8.09747725725174e-05,0.3726314902305603,0.36137720942497253,-0.013358903117477894,0.4094359278678894,0.35283759236335754,-0.01731543056666851,0.2392255812883377,0.435863196849823,0.011481455527245998,0.3218109607696533,0.405601441860199,-0.025200743228197098,0.31515780091285706,0.5084656476974487,-0.026694953441619873,0.2830781638622284,0.5163776278495789,-0.015245608985424042,0.2076309621334076,0.44492432475090027,-0.013603984378278255,0.2921833395957947,0.44698676466941833,-0.05675465986132622,0.28695857524871826,0.5437366366386414,-0.04430495575070381,0.252068430185318,0.5447708964347839,-0.02333824150264263,0.1810636967420578,0.46718454360961914,-0.03881394863128662,0.25681278109550476,0.4685356616973877,-0.061419446021318436,0.26021862030029297,0.5394957661628723,-0.04573496803641319,0.22801092267036438,0.5527663230895996,-0.026362072676420212
0.23470443487167358,0.7518976926803589,-3.6474013143106276e-08,0.30919453501701355,0.6792938113212585,0.003232741728425026,0.35960978269577026,0.5628670454025269,-0.0016112651210278273,0.40040451288223267,0.4800843596458435,-0.01601247489452362,0.41782429814338684,0.4113892912864685,-0.027652425691485405,0.28090769052505493,0.4421255886554718,0.030773071572184563,0.3282344937324524,0.373895525932312,4.668604742619209e-05,0.37294119596481323,0.36132514476776123,-0.013572889380156994,0.4095497131347656,0.3532407283782959,-0.017845528200268745,0.239211305975914,0.43557578325271606,0.011386645026504993,0.32158908247947693,0.4060109555721283,-0.025279441848397255,0.31568166613578796,0.5083634257316589,-0.02730078063905239,0.28380465507507324,0.5171282291412354,-0.016389749944210052,0.20775103569030762,0.44494369626045227,-0.013686556369066238,0.2921205461025238,0.44681209325790405,-0.05687810480594635,0.28734734654426575,0.5436317920684814,-0.044772837311029434,0.25259023904800415,0.5456964373588562,-0.024068575352430344,0.1809787154197693,0.4673524498939514,-0.03880920633673668,0.25658851861953735,0.4683344066143036,-0.06155014783143997,0.2603272497653961,0.5395531058311462,-0.04595090448856354,0.22843526303768158,0.5535618662834167,-0.0266415998339653
0.2330111414194107,0.752750039100647,-4.855161250816309e-08,0.3077108561992645,0.6820924878120422,0.002287341980263591,0.35875165462493896,0.5634775757789612,-0.0024274911265820265,0.3998042345046997,0.4797358214855194,-0.016306262463331223,0.4175061285495758,0.4114490747451782,-0.027169033885002136,0.28080126643180847,0.44174107909202576,0.030329473316669464,0.32845619320869446,0.3731115162372589,-3.7151974538573995e-05,0.37252652645111084,0.3612270951271057,-0.01279627624899149,0.40913498401641846,0.3532184958457947,-0.01635265164077282,0.23891150951385498,0.4348331093788147,0.011790727265179157,0.32142162322998047,0.4056242108345032,-0.023947468027472496,0.3137928247451782,0.5086777210235596,-0.024943163618445396,0.2816582918167114,0.5155943036079407,-0.013370830565690994,0.20725417137145996,0.4441410303115845,-0.012598304077982903,0.2912159562110901,0.446524977684021,-0.0546555332839489,0.28548774123191833,0.5425893068313599,-0.042340368032455444,0.25076958537101746,0.5427253246307373,-0.021807294338941574,0.180637389421463,0.46646156907081604,-0.037175487726926804,0.25561606884002686,0.467837929725647,-0.058766067028045654,0.2588196098804474,0.5380711555480957,-0.043182242661714554,0.22665342688560486,0.5510056614875793,-0.02414006181061268
0.2337503284215927,0.7531760931015015,-3.107156842929726e-08,0.30829954147338867,0.6808029413223267,0.002976222662255168,0.35890689492225647,0.5629662275314331,-0.001958773471415043,0.4001527726650238,0.4791433811187744,-0.016401993110775948,0.4175361394882202,0.4092627167701721,-0.02792239934206009,0.2793579399585724,0.4415184557437897,0.03140204772353172,0.3273538053035736,0.3731825351715088,0.0007002571946941316,0.37233486771583557,0.3604106605052948,-0.01257212646305561,0.40931686758995056,0.35200250148773193,-0.01653389446437359,0.23797042667865753,0.434675931930542,0.012130268849432468,0.32143259048461914,0.4045247435569763,-0.024229630827903748,0.3150775134563446,0.5070949196815491,-0.025742804631590843,0.2830738127231598,0.5144086480140686,-0.01441040076315403,0.20702090859413147,0.44388264417648315,-0.012971109710633755,0.2921900451183319,0.4459731876850128,-0.05572368577122688,0.28711703419685364,0.5425139665603638,-0.043313540518283844,0.25217461585998535,0.543317973613739,-0.02251112461090088,0.18115131556987762,0.46626150608062744,-0.03822090104222298,0.2569689154624939,0.46818244457244873,-0.06052448973059654,0.2602195143699646,0.5393667221069336,-0.044875890016555786,0.22775769233703613,0.552773118019104,-0.02563263662159443
0.23334088921546936,0.7519750595092773,-3.955490157636632e-08,0.3085958957672119,0.6793360710144043,0.0021276625338941813,0.35861217975616455,0.5618711113929749,-0.0024748812429606915,0.39973002672195435,0.47907769680023193,-0.016441311687231064,0.4182583689689636,0.41070446372032166,-0.027403468266129494,0.27963224053382874,0.44101351499557495,0.03144614025950432,0.3280588984489441,0.372108519077301,0.0007057188777253032,0.37287142872810364,0.3603855073451996,-0.012638263404369354,0.40960612893104553,0.35245180130004883,-0.016492770984768867,0.23823687434196472,0.43449053168296814,0.012905621901154518,0.32120761275291443,0.4053819477558136,-0.02312898263335228,0.3148134648799896,0.5083345770835876,-0.0246876273304224,0.28281107544898987,0.5158860683441162,-0.013462449423968792,0.2071572244167328,0.4439239501953125,-0.011605893261730671,0.2915816307067871,0.44510212540626526,-0.05423913151025772,0.2868877649307251,0.5423811078071594,-0.04193510860204697,0.25220987200737,0.5439828038215637,-0.0211386289447546,0.1808508336544037,0.46628034114837646,-0.036337319761514664,0.2560849189758301,0.46645522117614746,-0.05836919695138931,0.26014652848243713,0.5378448367118835,-0.04249756783246994,0.228335440158844,0.5522139072418213,-0.023007243871688843
0.23323851823806763,0.7507191896438599,-3.137422766030795e-08,0.30908945202827454,0.6787083148956299,0.0019667274318635464,0.3592787981033325,0.5619513988494873,-0.002887471579015255,0.4004966914653778,0.4789866507053375,-0.01717633195221424,0.41791149973869324,0.409292608499527,-0.028458012267947197,0.27996906638145447,0.44063204526901245,0.03164677694439888,0.3279949128627777,0.3718394637107849,0.0005658772424794734,0.3727358281612396,0.35977017879486084,-0.013294363394379616,0.408832848072052,0.35150793194770813,-0.017584824934601784,0.2389698028564453,0.4341408610343933,0.013024918735027313,0.32197922468185425,0.4044664800167084,-0.023764437064528465,0.31614795327186584,0.5065255165100098,-0.026106521487236023,0.2838303744792938,0.5140718221664429,-0.015389111824333668,0.2080574482679367,0.4433184862136841,-0.01159742847084999,0.29266199469566345,0.44422489404678345,-0.05504979193210602,0.28809040784835815,0.5411827564239502,-0.04324705898761749,0.25298842787742615,0.5429328680038452,-0.02264557033777237,0.1818085014820099,0.4651418626308441,-0.036404140293598175,0.25762566924095154,0.46599122881889343,-0.05925673618912697,0.26140812039375305,0.5375533103942871,-0.04389731213450432,0.22919437289237976,0.5517722964286804,-0.024686722084879875
0.23387160897254944,0.7506651878356934,-3.0422643959582274e-08,0.3092319667339325,0.6774171590805054,0.0025254618376493454,0.35964399576187134,0.5606224536895752,-0.002159274648874998,0.4009011685848236,0.4776488244533539,-0.01617044024169445,0.41887080669403076,0.4079587757587433,-0.0272170752286911,0.27990883588790894,0.43977588415145874,0.032023634761571884,0.32843172550201416,0.3739502429962158,0.0016819883603602648,0.3726893663406372,0.3604130744934082,-0.01149794738739729,0.4091413617134094,0.3504641056060791,-0.015473517589271069,0.23855337500572205,0.4331526756286621,0.01298536453396082,0.32146480679512024,0.4032016396522522,-0.022921781986951828,0.3151128590106964,0.5062522292137146,-0.024196794256567955,0.2835980951786041,0.5133377909660339,-0.012657097540795803,0.20745402574539185,0.4424143135547638,-0.011978477239608765,0.2916412055492401,0.44360241293907166,-0.05484597757458687,0.28713133931159973,0.5407806038856506,-0.04216134920716286,0.25254255533218384,0.5413649678230286,-0.020987605676054955,0.18115316331386566,0.4649690091609955,-0.037104830145835876,0.25577741861343384,0.4647057354450226,-0.059546999633312225,0.25989827513694763,0.5357934236526489,-0.043414343148469925,0.2279265969991684,0.5493322610855103,-0.02367427572607994
0.23457282781600952,0.7500105500221252,-3.337159881766638e-08,0.3098432421684265,0.6761144399642944,0.004888665862381458,0.3596360385417938,0.5597270727157593,0.0011792952427640557,0.40027761459350586,0.47775208950042725,-0.01266737375408411,0.4177848696708679,0.40917056798934937,-0.023804180324077606,0.2802059054374695,0.44003060460090637,0.03536707162857056,0.32788777351379395,0.37167873978614807,0.00562211824581027,0.37333574891090393,0.3595775067806244,-0.007774688303470612,0.41097596287727356,0.3504745662212372,-0.012029857374727726,0.239291712641716,0.4335944652557373,0.015298763290047646,0.32105064392089844,0.40450966358184814,-0.02006901614367962,0.31482407450675964,0.5074692964553833,-0.021876923739910126,0.28294429183006287,0.5151000022888184,-0.011086699552834034,0.20843267440795898,0.4429031014442444,-0.010618943721055984,0.2916778028011322,0.44232064485549927,-0.052601173520088196,0.287484735250473,0.5397821664810181,-0.039911042898893356,0.2529130280017853,0.5419356226921082,-0.01911785826086998,0.18195906281471252,0.46505627036094666,-0.03656856343150139,0.25678274035453796,0.46323347091674805,-0.05825350061058998,0.26080256700515747,0.5352400541305542,-0.041797079145908356,0.22868871688842773,0.5503249764442444,-0.022020334377884865
0.23308499157428741,0.7497395277023315,-3.085016331283441e-08,0.30870142579078674,0.6760315299034119,0.005088874138891697,0.35875368118286133,0.5598694086074829,0.0011739622568711638,0.40000811219215393,0.4768768548965454,-0.012874928303062916,0.41812437772750854,0.4077659249305725,-0.02404019609093666,0.28006213903427124,0.44012153148651123,0.03591956943273544,0.32590538263320923,0.3717596232891083,0.006188814993947744,0.3710746169090271,0.35856741666793823,-0.006707973778247833,0.4087364375591278,0.3496320843696594,-0.01051357015967369,0.23882707953453064,0.43301528692245483,0.015413126908242702,0.32058385014533997,0.40220820903778076,-0.020128460600972176,0.31439685821533203,0.5060645937919617,-0.021231597289443016,0.28226345777511597,0.5139880180358887,-0.009586089290678501,0.20753838121891022,0.4413890838623047,-0.011074467562139034,0.2909412086009979,0.4415583908557892,-0.05347593128681183,0.2869262099266052,0.5394347906112671,-0.04038586840033531,0.2519800662994385,0.5409789681434631,-0.01908564381301403,0.18066278100013733,0.46296241879463196,-0.03757086023688316,0.2555379569530487,0.46236753463745117,-0.05943157896399498,0.2595526874065399,0.5346089005470276,-0.042779140174388885,0.22699397802352905,0.5490322709083557,-0.022786013782024384
0.23390236496925354,0.7446610927581787,-1.8556441716555128e-08,0.3087501525878906,0.6714285016059875,0.005806105677038431,0.35787683725357056,0.5565005540847778,0.0020991764031350613,0.3986654281616211,0.47502580285072327,-0.01203078031539917,0.417887806892395,0.4078856110572815,-0.023629872128367424,0.2811470329761505,0.43651798367500305,0.03577040880918503,0.3257390856742859,0.3671993911266327,0.006206299178302288,0.371215283870697,0.3552924394607544,-0.007037226110696793,0.40950897336006165,0.3482487201690674,-0.011128492653369904,0.23946945369243622,0.4299488663673401,0.015132696367800236,0.32087457180023193,0.3997870683670044,-0.020568108186125755,0.31471455097198486,0.5032539367675781,-0.022155841812491417,0.28275373578071594,0.5134550929069519,-0.010897462256252766,0.20725567638874054,0.43913814425468445,-0.0112605020403862,0.2905380129814148,0.439768522977829,-0.05377410352230072,0.2863430678844452,0.5377387404441833,-0.040811680257320404,0.2518938183784485,0.54155033826828,-0.019530273973941803,0.17898696660995483,0.4613432288169861,-0.03758026659488678,0.2541477680206299,0.46152064204216003,-0.05983676761388779,0.25843125581741333,0.5336819887161255,-0.0432855449616909,0.22668783366680145,0.5485994219779968,-0.023230301216244698
0.23047490417957306,0.7484606504440308,-1.342295874451338e-08,0.30632683634757996,0.6730324625968933,0.005217134952545166,0.35605332255363464,0.5556396842002869,0.001447376562282443,0.3968829810619354,0.47360965609550476,-0.012161354534327984,0.4171622097492218,0.40617674589157104,-0.02290753833949566,0.27712225914001465,0.4342881739139557,0.03540373221039772,0.32448554039001465,0.3696020245552063,0.006054665427654982,0.36881500482559204,0.3558728098869324,-0.006354127544909716,0.40487611293792725,0.34638386964797974,-0.009949861094355583,0.23521359264850616,0.42694827914237976,0.014976086094975471,0.3190741539001465,0.39530667662620544,-0.02009461633861065,0.3140634596347809,0.4994755983352661,-0.02085990458726883,0.2820911109447479,0.5074347257614136,-0.008928859606385231,0.20360031723976135,0.4359291195869446,-0.011293334886431694,0.28920045495033264,0.4380691945552826,-0.05330408364534378,0.2855992913246155,0.5357581377029419,-0.040529195219278336,0.24975456297397614,0.5366778373718262,-0.01950211077928543,0.17673183977603912,0.45951446890830994,-0.037547361105680466,0.25270596146583557,0.4614744484424591,-0.05951305106282234,0.2571958005428314,0.5326338410377502,-0.04356905817985535,0.22371777892112732,0.5456889867782593,-0.024147408083081245
0.230024516582489,0.7464078068733215,-3.41021646477202e-08,0.3075169026851654,0.6690558195114136,0.008979699574410915,0.35616952180862427,0.5536177158355713,0.007320662960410118,0.39661112427711487,0.4724484980106354,-0.005417332984507084,0.41652679443359375,0.4057534635066986,-0.015565240755677223,0.2771208584308624,0.4371277093887329,0.0408538393676281,0.32331404089927673,0.3684235215187073,0.012301409617066383,0.3689213693141937,0.3548263907432556,-0.00024576287250965834,0.4074084758758545,0.3431312143802643,-0.004214760381728411,0.2358766347169876,0.4303336441516876,0.018256107345223427,0.3181602954864502,0.39827144145965576,-0.016541708260774612,0.31193575263023376,0.5025961995124817,-0.01761828362941742,0.2791655957698822,0.5108069777488708,-0.006281378213316202,0.20420944690704346,0.43884989619255066,-0.0102040134370327,0.2882028818130493,0.4371654689311981,-0.052060775458812714,0.2841624319553375,0.5358050465583801,-0.038900166749954224,0.24807476997375488,0.5377113223075867,-0.017769157886505127,0.17687475681304932,0.46082547307014465,-0.038421381264925,0.2524489760398865,0.4569123685359955,-0.059706613421440125,0.25740328431129456,0.5286003947257996,-0.042683083564043045,0.22430391609668732,0.5437952280044556,-0.022668184712529182
0.2297954559326172,0.7453274726867676,-2.6945146558432498e-08,0.30710354447364807,0.6693549156188965,0.00673951068893075,0.35669171810150146,0.5530402064323425,0.004509328864514828,0.39724087715148926,0.4715903699398041,-0.00809078011661768,0.4158719480037689,0.40425920486450195,-0.017966942861676216,0.277265340089798,0.43543800711631775,0.03787801042199135,0.3237340450286865,0.36828070878982544,0.008966782130300999,0.3689667284488678,0.3542172908782959,-0.003875528695061803,0.40641099214553833,0.34219881892204285,-0.008033161982893944,0.23620274662971497,0.4287281036376953,0.016707200556993484,0.3182693421840668,0.3980420231819153,-0.018370850011706352,0.31273147463798523,0.501305341720581,-0.019803985953330994,0.2802278995513916,0.5091831088066101,-0.008732126094400883,0.20468226075172424,0.43730443716049194,-0.010338842868804932,0.2883656919002533,0.4368304908275604,-0.05260634049773216,0.28490403294563293,0.5348365306854248,-0.04001450166106224,0.24914221465587616,0.5369648337364197,-0.019147800281643867,0.17744982242584229,0.4594041407108307,-0.03726658597588539,0.2529425024986267,0.4573512673377991,-0.059157099574804306,0.2581905126571655,0.5286667943000793,-0.04284766688942909,0.22534190118312836,0.5436733365058899,-0.023204389959573746
0.2298078089952469,0.7449015974998474,-3.4686760130853145e-08,0.30750417709350586,0.6683207154273987,0.008734559640288353,0.3570251166820526,0.5525075793266296,0.006959432736039162,0.3975115418434143,0.47180506587028503,-0.005584821570664644,0.41661232709884644,0.40557795763015747,-0.015466996468603611,0.27669164538383484,0.4352375864982605,0.0391780361533165,0.3235246539115906,0.36825406551361084,0.010564467869699001,0.36897802352905273,0.35464000701904297,-0.0019248767057433724,0.40690234303474426,0.34255558252334595,-0.005911125801503658,0.23558342456817627,0.42788535356521606,0.016819976270198822,0.3188788592815399,0.39783012866973877,-0.017969056963920593,0.3126300573348999,0.5012697577476501,-0.01897110976278782,0.2796311676502228,0.5082241892814636,-0.007699794601649046,0.2042015790939331,0.43616271018981934,-0.011268451809883118,0.2891351878643036,0.43713220953941345,-0.052908629179000854,0.2848009765148163,0.5349434614181519,-0.03994090482592583,0.2484929859638214,0.5359041690826416,-0.01910259574651718,0.17749691009521484,0.4582786560058594,-0.03911865875124931,0.25364455580711365,0.45756036043167114,-0.0604093112051487,0.2582907974720001,0.5287324786186218,-0.04386334493756294,0.22492806613445282,0.5428799986839294,-0.02426651306450367
0.23148111999034882,0.7445328235626221,2.575483470934614e-08,0.3067407011985779,0.6692224144935608,0.00571396155282855,0.35878074169158936,0.5539162755012512,0.00173794140573591,0.39960843324661255,0.4711636006832123,-0.012130512855947018,0.41786178946495056,0.3954428434371948,-0.023477714508771896,0.2770231366157532,0.4363929033279419,0.035460762679576874,0.3237796425819397,0.3673240542411804,0.007515606004744768,0.3700776994228363,0.3462105989456177,-0.0052038817666471004,0.41021108627319336,0.3276539742946625,-0.010117457248270512,0.23607005178928375,0.42781320214271545,0.014414269477128983,0.3189418911933899,0.39436325430870056,-0.0208686962723732,0.31476718187332153,0.49736905097961426,-0.02267364412546158,0.2835213840007782,0.5078752636909485,-0.012008056975901127,0.20468240976333618,0.4361850321292877,-0.012167621403932571,0.2892305552959442,0.43650203943252563,-0.05432083457708359,0.2858690917491913,0.533287525177002,-0.041324183344841,0.25043171644210815,0.5360716581344604,-0.020418982952833176,0.17830735445022583,0.45828723907470703,-0.038679249584674835,0.25443071126937866,0.45791521668434143,-0.06081562861800194,0.2601163387298584,0.5282715559005737,-0.04440084844827652,0.2273380309343338,0.5428493618965149,-0.02479754388332367
0.23296669125556946,0.7437580823898315,6.809007402353018e-08,0.3061862289905548,0.6738256812095642,-0.0003265625855419785,0.36027175188064575,0.5589050650596619,-0.007155668456107378,0.4024626314640045,0.47377774119377136,-0.022648673504590988,0.4225270748138428,0.39602208137512207,-0.03572205454111099,0.281217098236084,0.4344208836555481,0.028447775170207024,0.3270806074142456,0.35966426134109497,-7.0771093305666e-05,0.3713808059692383,0.3294106125831604,-0.01256798580288887,0.4116072356700897,0.30128979682922363,-0.017708780243992805,0.2395111620426178,0.42587047815322876,0.009803088381886482,0.3217313587665558,0.3925166130065918,-0.02824319899082184,0.31647783517837524,0.4971807599067688,-0.030427031219005585,0.2850673794746399,0.5086853504180908,-0.019201623275876045,0.20675496757030487,0.43508678674697876,-0.01453040074557066,0.29053106904029846,0.4364977777004242,-0.059393640607595444,0.286424458026886,0.5345251560211182,-0.04665779322385788,0.2511209547519684,0.5372182130813599,-0.025271045044064522,0.17863285541534424,0.45841681957244873,-0.039180342108011246,0.25410035252571106,0.45943447947502136,-0.06355713307857513,0.25865671038627625,0.5306546092033386,-0.047971878200769424,0.22515831887722015,0.5451066493988037,-0.02852894365787506
0.23339970409870148,0.7439255714416504,4.4908894381023856e-08,0.30548179149627686,0.6787592172622681,-0.004045333247631788,0.36173123121261597,0.5641158819198608,-0.013127272948622704,0.40417635440826416,0.47722598910331726,-0.03038065694272518,0.42381149530410767,0.39763644337654114,-0.04451670125126839,0.28138190507888794,0.44050538539886475,0.02322135493159294,0.3231467604637146,0.35674652457237244,-0.00911588966846466,0.3686157166957855,0.32867419719696045,-0.023850280791521072,0.410773366689682,0.3045293688774109,-0.029800796881318092,0.24057164788246155,0.4305987060070038,0.00661042332649231,0.3208676278591156,0.3988226056098938,-0.03532124310731888,0.31442761421203613,0.5016158819198608,-0.039063744246959686,0.28316375613212585,0.5128496885299683,-0.028752794489264488,0.20846059918403625,0.4376962184906006,-0.016072429716587067,0.29088833928108215,0.4415520131587982,-0.0642915889620781,0.28421494364738464,0.5384497046470642,-0.05268018692731857,0.2495306134223938,0.5404722094535828,-0.031414736062288284,0.18110325932502747,0.45597001910209656,-0.03929483890533447,0.2549425959587097,0.46296238899230957,-0.06576462090015411,0.25597769021987915,0.5335976481437683,-0.051924511790275574,0.22291085124015808,0.5439584851264954,-0.033464036881923676
0.2335725575685501,0.7450306415557861,5.092823585073347e-08,0.305934876203537,0.6790370941162109,-0.003934518899768591,0.362862765789032,0.5655696392059326,-0.014001663774251938,0.4061937928199768,0.48140382766723633,-0.03203325346112251,0.42784854769706726,0.4032142758369446,-0.0469730906188488,0.2786698043346405,0.4418772757053375,0.019890211522579193,0.32094863057136536,0.35879892110824585,-0.01366046629846096,0.3676299452781677,0.3306945860385895,-0.029857125133275986,0.40965837240219116,0.30889639258384705,-0.03685789927840233,0.2384827584028244,0.4318188428878784,0.003064490621909499,0.32196009159088135,0.40087759494781494,-0.04057495296001434,0.3177059292793274,0.503768801689148,-0.04583340138196945,0.28643813729286194,0.5186445116996765,-0.03659465163946152,0.2073371708393097,0.4391181468963623,-0.01941211335361004,0.2919769287109375,0.443031907081604,-0.06859281659126282,0.28635281324386597,0.5400126576423645,-0.05766557157039642,0.25143593549728394,0.5435996055603027,-0.036835890263319016,0.1810620278120041,0.4582301378250122,-0.04229871183633804,0.2558717429637909,0.467118501663208,-0.06970684975385666,0.2569756805896759,0.5388085246086121,-0.05632727965712547,0.22359934449195862,0.5497413277626038,-0.03815706819295883
0.2327311635017395,0.7465357780456543,6.007069686120303e-08,0.3054688274860382,0.6817379593849182,-0.0037115144077688456,0.36344996094703674,0.5690274834632874,-0.01358303613960743,0.40775570273399353,0.4874950349330902,-0.03135961294174194,0.4322516918182373,0.413003146648407,-0.04632778838276863,0.28224942088127136,0.44300711154937744,0.01972365379333496,0.3225327730178833,0.35965603590011597,-0.012700431048870087,0.36836615204811096,0.32875514030456543,-0.028518518432974815,0.41100654006004333,0.30374667048454285,-0.0357884019613266,0.24155738949775696,0.43245449662208557,0.0030517929699271917,0.3231278359889984,0.40159761905670166,-0.03959260508418083,0.318167120218277,0.5041606426239014,-0.04481186717748642,0.2872444987297058,0.5201159715652466,-0.03585163503885269,0.2091873437166214,0.43963751196861267,-0.019130324944853783,0.2920304238796234,0.4452744424343109,-0.0671667531132698,0.286424458026886,0.5415017008781433,-0.05670319125056267,0.2526489794254303,0.5458387732505798,-0.036516718566417694,0.18167176842689514,0.45872360467910767,-0.04177043214440346,0.2550128698348999,0.4707977771759033,-0.06828802078962326,0.2564484179019928,0.5409175157546997,-0.05550277233123779,0.22399267554283142,0.5510267615318298,-0.03803330659866333
0.23338335752487183,0.7493927478790283,1.1369462526999996e-07,0.3051368296146393,0.6823224425315857,-0.004047119989991188,0.3636765480041504,0.5712770223617554,-0.015709783881902695,0.4103981554508209,0.49123266339302063,-0.03512090817093849,0.4392675757408142,0.41763994097709656,-0.052138689905405045,0.28040748834609985,0.44461312890052795,0.017180057242512703,0.3237247169017792,0.36453065276145935,-0.014157388359308243,0.36849600076675415,0.3267848491668701,-0.02973654679954052,0.4101598262786865,0.2948952317237854,-0.0378674678504467,0.24023818969726562,0.43284815549850464,8.485864964313805e-05,0.3235608637332916,0.4016057550907135,-0.042210906744003296,0.3192971646785736,0.5045575499534607,-0.0474582314491272,0.2888752222061157,0.5218299627304077,-0.03895300254225731,0.20849862694740295,0.4402589797973633,-0.02207527495920658,0.2924809753894806,0.44644099473953247,-0.06991472095251083,0.2881251275539398,0.5425970554351807,-0.05861232057213783,0.2550729215145111,0.5480221509933472,-0.03813065215945244,0.18126842379570007,0.4608185291290283,-0.04467733949422836,0.2549103796482086,0.4732905328273773,-0.0711451917886734,0.25818806886672974,0.5432998538017273,-0.05748177692294121,0.22710369527339935,0.55411696434021,-0.039603181183338165
0.23427098989486694,0.7502965331077576,1.5107734441244247e-07,0.30629557371139526,0.6850736737251282,-0.0058646416291594505,0.36444202065467834,0.5727843642234802,-0.018816690891981125,0.4110865592956543,0.4909942150115967,-0.03937855735421181,0.44240808486938477,0.41698652505874634,-0.057331182062625885,0.2826189696788788,0.4462016820907593,0.016173046082258224,0.32503455877304077,0.36212843656539917,-0.015269220806658268,0.3680408000946045,0.3176875710487366,-0.029332725331187248,0.40778735280036926,0.2791699767112732,-0.03631247207522392,0.24153241515159607,0.4354463219642639,-0.0005125191528350115,0.32410019636154175,0.3981841206550598,-0.04444335401058197,0.3191719353199005,0.504263699054718,-0.048282139003276825,0.2876536548137665,0.5233061909675598,-0.03750581666827202,0.20952433347702026,0.44269996881484985,-0.022529002279043198,0.29222166538238525,0.44652414321899414,-0.07183072715997696,0.2878960072994232,0.5447807312011719,-0.059581540524959564,0.2543382942676544,0.5513781309127808,-0.03759702295064926,0.1825942099094391,0.46258631348609924,-0.0451611690223217,0.2560335397720337,0.4756905138492584,-0.07249690592288971,0.25895559787750244,0.5457131862640381,-0.059041645377874374,0.22708049416542053,0.5560072660446167,-0.04088231548666954
0.23459523916244507,0.7528473138809204,1.592422051999165e-07,0.30532482266426086,0.6894031167030334,-0.006718956399708986,0.36328017711639404,0.5778669118881226,-0.021001823246479034,0.4119792878627777,0.49700120091438293,-0.042503125965595245,0.4478094279766083,0.4249778985977173,-0.0615469291806221,0.28201910853385925,0.4453166723251343,0.011957249604165554,0.32557642459869385,0.357637882232666,-0.01907910592854023,0.3668079078197479,0.3076973259449005,-0.03264637291431427,0.40447843074798584,0.26524263620376587,-0.03953943029046059,0.24007731676101685,0.43401604890823364,-0.004538641311228275,0.32584866881370544,0.3996953070163727,-0.0472380556166172,0.3200351297855377,0.5048944354057312,-0.0500156506896019,0.2873899042606354,0.5221515893936157,-0.03915639594197273,0.20802798867225647,0.4422645568847656,-0.026098033413290977,0.2935218811035156,0.44806039333343506,-0.07373951375484467,0.28846991062164307,0.5443815588951111,-0.06132278963923454,0.25435078144073486,0.5488241314888,-0.040162406861782074,0.18187779188156128,0.4642893075942993,-0.048373155295848846,0.25655075907707214,0.4779914319515228,-0.07453326135873795,0.25953683257102966,0.5469528436660767,-0.06076367571949959,0.22717562317848206,0.5571188926696777,-0.0428541824221611
0.23163986206054688,0.7529322504997253,1.2614408717581682e-07,0.3035200238227844,0.692229688167572,-0.007421738468110561,0.3619910180568695,0.5836451649665833,-0.02194400690495968,0.4126148819923401,0.504117488861084,-0.043575238436460495,0.45080506801605225,0.4350219964981079,-0.06303272396326065,0.2843387722969055,0.44542068243026733,0.008877388201653957,0.3269854485988617,0.35355252027511597,-0.02163475938141346,0.36691170930862427,0.30169764161109924,-0.03440849110484123,0.40382909774780273,0.25699320435523987,-0.040792617946863174,0.24160236120224,0.4331297278404236,-0.0074857198633253574,0.3269166648387909,0.4039660096168518,-0.04823175072669983,0.31816524267196655,0.5085044503211975,-0.04961492493748665,0.28420940041542053,0.523707926273346,-0.03854844346642494,0.20850294828414917,0.4414590299129486,-0.0288742333650589,0.2939113974571228,0.4531383216381073,-0.07469618320465088,0.28637322783470154,0.5479639768600464,-0.06194881349802017,0.25183600187301636,0.5503519773483276,-0.041445210576057434,0.18183434009552002,0.4637375473976135,-0.05115189030766487,0.25591591000556946,0.48001500964164734,-0.07571838796138763,0.2585679292678833,0.5488390326499939,-0.06119965761899948,0.22718298435211182,0.5595836639404297,-0.043199919164180756
0.2310250699520111,0.7522616386413574,1.3304376977885113e-07,0.302769273519516,0.6932018995285034,-0.008264235220849514,0.36225515604019165,0.5861944556236267,-0.023243317380547523,0.4152291417121887,0.5081970691680908,-0.04530453309416771,0.45471668243408203,0.44295716285705566,-0.06518549472093582,0.2837427258491516,0.4470260441303253,0.006969647016376257,0.32479920983314514,0.34960657358169556,-0.022485453635454178,0.36167728900909424,0.2946964204311371,-0.03372647240757942,0.39503955841064453,0.24787649512290955,-0.039386287331581116,0.24129626154899597,0.4356898069381714,-0.008643195033073425,0.32461148500442505,0.40517833828926086,-0.049971580505371094,0.3147817850112915,0.5094479322433472,-0.0505535788834095,0.28069138526916504,0.5248855948448181,-0.03866882994771004,0.2082546055316925,0.4432295560836792,-0.029112152755260468,0.29105013608932495,0.4550820291042328,-0.07598293572664261,0.282426655292511,0.5496397614479065,-0.0631609782576561,0.24797147512435913,0.5522530674934387,-0.04230126738548279,0.1816168874502182,0.46334126591682434,-0.05043875426054001,0.2553712725639343,0.4830206632614136,-0.07609697431325912,0.25651711225509644,0.552567720413208,-0.06229778751730919,0.2251470535993576,0.5627235174179077,-0.044702667742967606
0.23150473833084106,0.7540425062179565,1.5276934561825328e-07,0.30297836661338806,0.6946640610694885,-0.009301120415329933,0.36197394132614136,0.5895501375198364,-0.026291498914361,0.4160597324371338,0.5128812193870544,-0.05008045956492424,0.45806729793548584,0.4495069682598114,-0.07192100584506989,0.2813335061073303,0.4442290961742401,0.0015265940455719829,0.3220549523830414,0.3435496985912323,-0.028886819258332253,0.35732966661453247,0.28134429454803467,-0.040710411965847015,0.38700810074806213,0.22866806387901306,-0.0470864363014698,0.23917289078235626,0.4341460168361664,-0.014277616515755653,0.3243105411529541,0.40363621711730957,-0.05598686635494232,0.31654658913612366,0.5098321437835693,-0.05502381548285484,0.281663179397583,0.5261873006820679,-0.042383331805467606,0.20664867758750916,0.444063276052475,-0.03470781072974205,0.2912093698978424,0.4536604881286621,-0.08278846740722656,0.2850271165370941,0.5495771765708923,-0.06831426918506622,0.25038525462150574,0.5526435971260071,-0.04644029587507248,0.1812799572944641,0.46739810705184937,-0.05595976486802101,0.25592172145843506,0.4841679334640503,-0.08278030902147293,0.25848641991615295,0.5551344156265259,-0.06753726303577423,0.22680723667144775,0.5662568211555481,-0.04895390570163727
0.23141811788082123,0.7553185820579529,1.4416920635085262e-07,0.3030596673488617,0.6945799589157104,-0.008960288017988205,0.36225858330726624,0.5906596183776855,-0.026262575760483742,0.418261855840683,0.5167833566665649,-0.05072486400604248,0.4607474207878113,0.45559629797935486,-0.07331161201000214,0.27723008394241333,0.4440694749355316,0.0003483124019112438,0.321133553981781,0.33964288234710693,-0.031191466376185417,0.35635891556739807,0.2737395167350769,-0.043942052870988846,0.3857226073741913,0.2162378430366516,-0.05106617882847786,0.2355068027973175,0.4337398409843445,-0.016142986714839935,0.32573047280311584,0.40982699394226074,-0.06073175370693207,0.3183138072490692,0.5176721811294556,-0.061391204595565796,0.2828749716281891,0.5347724556922913,-0.04934602975845337,0.20412863790988922,0.44350990653038025,-0.036978259682655334,0.2931412160396576,0.45751476287841797,-0.08663645386695862,0.2860601544380188,0.5543686151504517,-0.07265811413526535,0.25084057450294495,0.5567299127578735,-0.0506734773516655,0.18027570843696594,0.46674954891204834,-0.05863172933459282,0.2586434781551361,0.4865036904811859,-0.08598437905311584,0.2602159082889557,0.5584470629692078,-0.07071179896593094,0.2282920479774475,0.5692768692970276,-0.05174890160560608
0.22913265228271484,0.7589601278305054,1.4084324106988788e-07,0.3012925684452057,0.6959241032600403,-0.009417424909770489,0.3608644902706146,0.592205822467804,-0.027040790766477585,0.4177262783050537,0.5209240317344666,-0.05177754908800125,0.46387141942977905,0.46120426058769226,-0.07464461028575897,0.27516940236091614,0.44182777404785156,0.0006505238125100732,0.3199964761734009,0.337009072303772,-0.030756769701838493,0.35386204719543457,0.26884377002716064,-0.043728165328502655,0.38225257396698,0.2088354229927063,-0.05119386687874794,0.23363706469535828,0.4320135712623596,-0.015840018168091774,0.32669901847839355,0.40865564346313477,-0.060342561453580856,0.3182673454284668,0.5165690779685974,-0.061100635677576065,0.28212058544158936,0.5341949462890625,-0.04917067289352417,0.20248334109783173,0.4423469305038452,-0.03675796836614609,0.29378384351730347,0.4564346671104431,-0.08634606003761292,0.28599101305007935,0.5538126826286316,-0.07248564809560776,0.2504652738571167,0.5561795234680176,-0.05060523748397827,0.17913690209388733,0.46602296829223633,-0.05859162658452988,0.25874063372612,0.4847859740257263,-0.08576081693172455,0.2599969804286957,0.5573240518569946,-0.07030537724494934,0.22817224264144897,0.5685152411460876,-0.051231008023023605
0.22863388061523438,0.7563943862915039,1.5036380318633746e-07,0.30074092745780945,0.6953938007354736,-0.012102522887289524,0.3606232702732086,0.5936723947525024,-0.031151995062828064,0.4183536469936371,0.5236001014709473,-0.056568555533885956,0.4657604694366455,0.4662535786628723,-0.07989386469125748,0.2760017216205597,0.44248196482658386,-0.005228828173130751,0.317865252494812,0.3333054184913635,-0.03770671412348747,0.35068479180336,0.2627938985824585,-0.050553642213344574,0.3766164779663086,0.2007896900177002,-0.05775544047355652,0.23430344462394714,0.4328962564468384,-0.020378775894641876,0.3247835338115692,0.4051904082298279,-0.06584163755178452,0.31853798031806946,0.5133405923843384,-0.06568611413240433,0.2822026014328003,0.5318533778190613,-0.052902039140462875,0.20282399654388428,0.44270530343055725,-0.039900295436382294,0.2915944457054138,0.45562535524368286,-0.09067563712596893,0.2853771150112152,0.552485466003418,-0.07627979665994644,0.24934491515159607,0.5544077157974243,-0.05369465798139572,0.17887002229690552,0.4653773605823517,-0.06041694059967995,0.2565555274486542,0.4836808443069458,-0.08801653236150742,0.2592124342918396,0.556056797504425,-0.07191316038370132,0.22762560844421387,0.5672574043273926,-0.052263930439949036
0.22845840454101562,0.7593787908554077,1.514062262231164e-07,0.2995086908340454,0.6965324282646179,-0.010585104115307331,0.359306275844574,0.594147264957428,-0.028915708884596825,0.4179243743419647,0.5256519913673401,-0.053891535848379135,0.4679061770439148,0.47081196308135986,-0.0772138312458992,0.2761417627334595,0.44132792949676514,-0.0033126992639154196,0.3167979121208191,0.33202970027923584,-0.03518699109554291,0.3499636650085449,0.25913500785827637,-0.04838813841342926,0.374977707862854,0.19714242219924927,-0.05590011179447174,0.23478326201438904,0.4321112632751465,-0.018864085897803307,0.3254045248031616,0.4048221707344055,-0.06252647191286087,0.3210322856903076,0.5133683085441589,-0.06200990080833435,0.28450191020965576,0.5320128798484802,-0.049404554069042206,0.2032548040151596,0.4427269399166107,-0.03866573050618172,0.29232215881347656,0.45417356491088867,-0.08885324001312256,0.2876591980457306,0.5515592694282532,-0.07444436103105545,0.251020610332489,0.5539934039115906,-0.051912952214479446,0.1786147654056549,0.46683499217033386,-0.05920148268342018,0.2558663785457611,0.48219871520996094,-0.08634526282548904,0.2599930465221405,0.554915189743042,-0.06925208121538162,0.22800488770008087,0.5673331022262573,-0.0489262193441391
0.22953030467033386,0.7570888996124268,1.5924395313504647e-07,0.300163209438324,0.6943861246109009,-0.010940780863165855,0.35933834314346313,0.5937168002128601,-0.030150489881634712,0.4181904196739197,0.5257304310798645,-0.056215666234493256,0.46791115403175354,0.47179678082466125,-0.08061002939939499,0.2767271101474762,0.4411584436893463,-0.004730053711682558,0.3165125250816345,0.33052659034729004,-0.03677481785416603,0.3496616780757904,0.25829923152923584,-0.049751464277505875,0.37538963556289673,0.19755330681800842,-0.05713098123669624,0.23545590043067932,0.4324800372123718,-0.0203069020062685,0.32483288645744324,0.40410274267196655,-0.06475477665662766,0.3211120069026947,0.5121458172798157,-0.0642235204577446,0.2861120104789734,0.5325744152069092,-0.051523566246032715,0.20401349663734436,0.4430217146873474,-0.04009838402271271,0.2919751703739166,0.4557114541530609,-0.09012416005134583,0.2868185341358185,0.5523267984390259,-0.07518699020147324,0.25095561146736145,0.5567247271537781,-0.052380263805389404,0.17910981178283691,0.46636250615119934,-0.06080257147550583,0.2562168836593628,0.48346051573753357,-0.0878179669380188,0.26003336906433105,0.5556323528289795,-0.07099097967147827,0.22901266813278198,0.5684669613838196,-0.050906162708997726
0.22958490252494812,0.7572137117385864,1.510968985485306e-07,0.30003079771995544,0.6945468783378601,-0.011101770214736462,0.359041690826416,0.5939344167709351,-0.029690071940422058,0.4180397391319275,0.5277794599533081,-0.054907575249671936,0.4696585237979889,0.4770142436027527,-0.07863793522119522,0.27698343992233276,0.4400460422039032,-0.004698463249951601,0.31669220328330994,0.330856055021286,-0.0364847369492054,0.34892144799232483,0.2574884295463562,-0.04981805756688118,0.3732927739620209,0.19487178325653076,-0.057675041258335114,0.23552115261554718,0.43154793977737427,-0.020069638267159462,0.3258310556411743,0.40499138832092285,-0.06358189880847931,0.32289057970046997,0.5139051675796509,-0.06303014606237411,0.28772488236427307,0.5338225364685059,-0.05070371553301811,0.20383553206920624,0.44309917092323303,-0.039620108902454376,0.2929021120071411,0.4543604552745819,-0.08948908746242523,0.2886868119239807,0.5521394610404968,-0.07473792135715485,0.2526502013206482,0.556204080581665,-0.05213853716850281,0.17870011925697327,0.4681124985218048,-0.0600026436150074,0.25596851110458374,0.4822465777397156,-0.08706755936145782,0.2606254518032074,0.5549795627593994,-0.0698326900601387,0.22946391999721527,0.568479061126709,-0.04948980361223221
0.2303755134344101,0.7576185464859009,1.6152333159880072e-07,0.3009103536605835,0.6950034499168396,-0.011546016670763493,0.36026525497436523,0.5938879251480103,-0.030439801514148712,0.4191456735134125,0.5275048017501831,-0.055792272090911865,0.47036945819854736,0.4760866165161133,-0.07949578762054443,0.27602478861808777,0.44047799706459045,-0.005517446435987949,0.31470513343811035,0.3292873799800873,-0.03838334232568741,0.34667959809303284,0.2547124922275543,-0.05224362015724182,0.37059491872787476,0.19048991799354553,-0.06022200733423233,0.23466059565544128,0.43271851539611816,-0.020969107747077942,0.3251739740371704,0.4037695825099945,-0.0658259391784668,0.3228107690811157,0.5139705538749695,-0.06544185429811478,0.28707996010780334,0.5338811874389648,-0.05275031551718712,0.2029346525669098,0.44445785880088806,-0.040662091225385666,0.2919101417064667,0.454659640789032,-0.09183279424905777,0.2883661985397339,0.5531429648399353,-0.0768265426158905,0.2516888380050659,0.5564051866531372,-0.05356196314096451,0.1776566207408905,0.4692980647087097,-0.06116318702697754,0.2544694244861603,0.4819931387901306,-0.08882158994674683,0.2600087523460388,0.5552000999450684,-0.07097473740577698,0.22867363691329956,0.5689677000045776,-0.04989860579371452
0.23053476214408875,0.7588127851486206,1.463486682951043e-07,0.3020937442779541,0.6958482265472412,-0.0117358872666955,0.3608260750770569,0.5945679545402527,-0.029317181557416916,0.42007458209991455,0.5295800566673279,-0.0532563142478466,0.47188788652420044,0.4820733368396759,-0.07527295500040054,0.2761383056640625,0.44183579087257385,-0.004433967638760805,0.31431546807289124,0.32757270336151123,-0.03747069835662842,0.34611546993255615,0.25364363193511963,-0.050830546766519547,0.3703175485134125,0.18905982375144958,-0.05813218653202057,0.2349315583705902,0.4350259006023407,-0.02010737732052803,0.32600167393684387,0.404051274061203,-0.0650019645690918,0.32328373193740845,0.5152090787887573,-0.06426890939474106,0.2870279550552368,0.53460693359375,-0.05097369849681854,0.20308196544647217,0.4466456174850464,-0.04034052789211273,0.29219627380371094,0.45680707693099976,-0.09160041809082031,0.2882184386253357,0.5562921762466431,-0.07677046209573746,0.2507539987564087,0.5579540729522705,-0.05333686247467995,0.17774063348770142,0.47166863083839417,-0.06146511435508728,0.2534581124782562,0.4825240671634674,-0.08841648697853088,0.2593957781791687,0.5562188029289246,-0.06997130811214447,0.22777819633483887,0.5706648826599121,-0.048391781747341156
0.22986163198947906,0.7602876424789429,1.1921319753582793e-07,0.30218690633773804,0.6970146894454956,-0.012518350966274738,0.36041712760925293,0.5954307317733765,-0.029489194974303246,0.41986289620399475,0.5308012962341309,-0.05266605690121651,0.47245562076568604,0.48485857248306274,-0.0737902894616127,0.27839910984039307,0.44269320368766785,-0.004134803079068661,0.31497421860694885,0.3272958993911743,-0.03705840930342674,0.3449136018753052,0.2536405026912689,-0.04973466694355011,0.3674834966659546,0.18775957822799683,-0.056576527655124664,0.23702383041381836,0.4364554286003113,-0.019790396094322205,0.3254874646663666,0.40317273139953613,-0.06460995227098465,0.32249847054481506,0.5161927342414856,-0.0633242130279541,0.28675809502601624,0.5351879000663757,-0.04948703572154045,0.20439830422401428,0.44835105538368225,-0.04025939479470253,0.29135504364967346,0.45774737000465393,-0.0916038230061531,0.287045419216156,0.558868944644928,-0.07623085379600525,0.2498544305562973,0.5599812269210815,-0.05227235332131386,0.17795315384864807,0.47377991676330566,-0.0617760606110096,0.2505466639995575,0.4830903112888336,-0.08859659731388092,0.25713998079299927,0.5563696622848511,-0.06979428231716156,0.22647187113761902,0.5704430937767029,-0.04791535809636116
0.22902414202690125,0.7614374160766602,1.1346048722771229e-07,0.30089613795280457,0.6981796622276306,-0.012926064431667328,0.359042763710022,0.59733647108078,-0.030302677303552628,0.4188496172428131,0.533697247505188,-0.05356911942362785,0.4724222421646118,0.4886382222175598,-0.0747675746679306,0.2778092622756958,0.4428316354751587,-0.006685503758490086,0.31569114327430725,0.32666635513305664,-0.03935787081718445,0.34348487854003906,0.25181394815444946,-0.05208666995167732,0.3634813129901886,0.18378716707229614,-0.0595022588968277,0.23613959550857544,0.4361909031867981,-0.02246743254363537,0.325374037027359,0.402476966381073,-0.0666983351111412,0.32229408621788025,0.515924334526062,-0.06497395038604736,0.28685832023620605,0.5350676774978638,-0.05139775946736336,0.2032848596572876,0.44796812534332275,-0.04289531335234642,0.29117846488952637,0.4565269649028778,-0.09349370747804642,0.28706440329551697,0.5578737854957581,-0.07763437926769257,0.2503319978713989,0.5587632656097412,-0.053965624421834946,0.17709249258041382,0.4737153649330139,-0.06446094065904617,0.2506221830844879,0.482796847820282,-0.09123320132493973,0.25739094614982605,0.5561381578445435,-0.07236094772815704,0.22664794325828552,0.5700730085372925,-0.05079714581370354
0.22830891609191895,0.7616109848022461,1.1884742434631335e-07,0.30036118626594543,0.6987002491950989,-0.013435901142656803,0.35842204093933105,0.5972352027893066,-0.03108244389295578,0.4184170365333557,0.5337638854980469,-0.05447724461555481,0.47359681129455566,0.4922325313091278,-0.07584406435489655,0.27755603194236755,0.4422800838947296,-0.008174104616045952,0.31366875767707825,0.32570481300354004,-0.04138502851128578,0.34144461154937744,0.2504976689815521,-0.054252803325653076,0.36127322912216187,0.1829555630683899,-0.06164649501442909,0.23568791151046753,0.43662285804748535,-0.023703424260020256,0.3247041702270508,0.4011712372303009,-0.06854762881994247,0.3223727345466614,0.5152857303619385,-0.06663930416107178,0.2866862714290619,0.5349013209342957,-0.05270623415708542,0.20245879888534546,0.4488935172557831,-0.04385996237397194,0.2896546721458435,0.4571003019809723,-0.0951802209019661,0.2863074839115143,0.5584501028060913,-0.07927332818508148,0.24933931231498718,0.5595206618309021,-0.05525344982743263,0.17549753189086914,0.47500643134117126,-0.06514479964971542,0.24848604202270508,0.48335930705070496,-0.09233319014310837,0.2561718225479126,0.5563700795173645,-0.07338207960128784,0.2255856990814209,0.5705268383026123,-0.05161214992403984
0.22889333963394165,0.7619598507881165,1.3113103136674908e-07,0.3006235659122467,0.6998862028121948,-0.013869749382138252,0.3583460748195648,0.5977767705917358,-0.032014697790145874,0.41898539662361145,0.5356301069259644,-0.056158628314733505,0.47495073080062866,0.49666765332221985,-0.0784100666642189,0.2774985730648041,0.4443106949329376,-0.009702526032924652,0.31183701753616333,0.32473480701446533,-0.04388761520385742,0.33951959013938904,0.24778282642364502,-0.057351142168045044,0.3582039177417755,0.17818233370780945,-0.06523246318101883,0.23623016476631165,0.43830084800720215,-0.025212790817022324,0.3245519995689392,0.4018280506134033,-0.07216362655162811,0.3229038119316101,0.5164327025413513,-0.07122630625963211,0.2862204909324646,0.5364397168159485,-0.05761774256825447,0.20317299664020538,0.4498194456100464,-0.045214682817459106,0.289699524641037,0.4586363434791565,-0.09818411618471146,0.28617003560066223,0.5597957968711853,-0.08258826285600662,0.24833077192306519,0.5611101984977722,-0.058313094079494476,0.17548911273479462,0.47442594170570374,-0.06633822619915009,0.24919749796390533,0.4844629764556885,-0.0946383848786354,0.2568953037261963,0.5575751066207886,-0.07597267627716064,0.22628679871559143,0.5716384053230286,-0.054129116237163544
0.22919881343841553,0.761493444442749,1.3200504156429815e-07,0.30126985907554626,0.6994767189025879,-0.013161714188754559,0.35864531993865967,0.597213625907898,-0.03044683299958706,0.42029619216918945,0.5371797680854797,-0.05405265465378761,0.47692617774009705,0.5012069344520569,-0.07584726810455322,0.2777272164821625,0.4440470039844513,-0.007975444197654724,0.3109687268733978,0.3222010135650635,-0.04099855199456215,0.33742648363113403,0.24464577436447144,-0.053261976689100266,0.3551659882068634,0.17443904280662537,-0.06048557534813881,0.23654676973819733,0.4380584955215454,-0.023798109963536263,0.32488736510276794,0.4012320935726166,-0.07074417918920517,0.32346463203430176,0.5165089964866638,-0.06960300356149673,0.2867693305015564,0.5367274880409241,-0.055579472333192825,0.20347222685813904,0.4492114186286926,-0.044120557606220245,0.2901821434497833,0.4580811858177185,-0.09731683135032654,0.2867594063282013,0.5604175329208374,-0.0820009633898735,0.24888774752616882,0.5619720220565796,-0.05771574750542641,0.17542967200279236,0.4734348952770233,-0.06551221013069153,0.2498198300600052,0.4846901297569275,-0.09426075220108032,0.25754669308662415,0.5588505864143372,-0.07614661753177643,0.2267513871192932,0.5732150673866272,-0.05460502952337265
0.2288292646408081,0.7629181742668152,1.3494430106675281e-07,0.3009689152240753,0.7001643180847168,-0.013191844336688519,0.3584248423576355,0.597970724105835,-0.031008336693048477,0.42076563835144043,0.5383754968643188,-0.05537306144833565,0.47806432843208313,0.5041216611862183,-0.07801391184329987,0.27830076217651367,0.4438891112804413,-0.008694088086485863,0.3112066686153412,0.32147514820098877,-0.042063724249601364,0.3369067907333374,0.24275952577590942,-0.05455808341503143,0.3541901111602783,0.17201471328735352,-0.0619591660797596,0.23655858635902405,0.4379410445690155,-0.024496428668498993,0.325164258480072,0.4012487828731537,-0.07202401012182236,0.32295435667037964,0.5157460570335388,-0.07093100249767303,0.2862788736820221,0.5364012718200684,-0.05681551620364189,0.203364759683609,0.4487125277519226,-0.044760964810848236,0.29091691970825195,0.45867446064949036,-0.0982656180858612,0.2865223288536072,0.560368001461029,-0.08332213759422302,0.24867111444473267,0.5628117322921753,-0.059112709015607834,0.1756860613822937,0.4720354974269867,-0.06612952798604965,0.25174716114997864,0.4856070876121521,-0.0949956625699997,0.25863319635391235,0.558982253074646,-0.07760382443666458,0.22774115204811096,0.5727546811103821,-0.05654986947774887
0.22896957397460938,0.7647874355316162,1.2943171157075994e-07,0.30114275217056274,0.7008506059646606,-0.012024438008666039,0.358567476272583,0.5983830094337463,-0.02937311679124832,0.421211302280426,0.5393407344818115,-0.05368051677942276,0.4792177081108093,0.5072860717773438,-0.0763595923781395,0.2794281542301178,0.4440453052520752,-0.007114307023584843,0.31170740723609924,0.3212980628013611,-0.0399906262755394,0.3362976908683777,0.2426041066646576,-0.05207891762256622,0.3529188930988312,0.17181608080863953,-0.05930066853761673,0.23749589920043945,0.43851083517074585,-0.023409273475408554,0.32577189803123474,0.40100380778312683,-0.07107671350240707,0.3229445815086365,0.5145400762557983,-0.06997669488191605,0.2864556312561035,0.5350584983825684,-0.055667050182819366,0.20428180694580078,0.44923070073127747,-0.044085245579481125,0.29173582792282104,0.4590531885623932,-0.09747567772865295,0.2866742014884949,0.5602772831916809,-0.08270970731973648,0.24905385076999664,0.563148021697998,-0.05853523686528206,0.17654481530189514,0.4721008241176605,-0.06580845266580582,0.25364750623703003,0.4869309663772583,-0.09469442814588547,0.2595827579498291,0.5602982044219971,-0.07784904539585114,0.22840428352355957,0.5737162828445435,-0.05718652904033661
0.228255033493042,0.7659115195274353,1.4513253177028673e-07,0.3017042279243469,0.7012916207313538,-0.012289321050047874,0.35920894145965576,0.599600076675415,-0.030595120042562485,0.4230172634124756,0.5405408143997192,-0.055954448878765106,0.48165982961654663,0.5080111026763916,-0.07964330911636353,0.27971333265304565,0.44403600692749023,-0.00810011476278305,0.31195002794265747,0.3208467960357666,-0.04139712452888489,0.33654361963272095,0.2411452829837799,-0.05366625264286995,0.3530247211456299,0.16974744200706482,-0.06094355136156082,0.23779377341270447,0.4386519491672516,-0.024448096752166748,0.32626068592071533,0.4012039005756378,-0.07165736705064774,0.3231769800186157,0.5133405327796936,-0.06999272853136063,0.2864912152290344,0.5321328639984131,-0.055558741092681885,0.20437394082546234,0.44936254620552063,-0.04523150622844696,0.2917606234550476,0.45913827419281006,-0.09844159334897995,0.2869293987751007,0.5594648122787476,-0.08340486884117126,0.24947308003902435,0.5612889528274536,-0.0592544861137867,0.1767919957637787,0.47201183438301086,-0.06711699813604355,0.25403261184692383,0.48813796043395996,-0.09558964520692825,0.25979506969451904,0.5612002611160278,-0.0784607082605362,0.22817331552505493,0.5738567113876343,-0.05780106782913208
0.22769184410572052,0.766864001750946,1.2842360774811823e-07,0.30086439847946167,0.7026864886283875,-0.01129598543047905,0.3576955795288086,0.6005317568778992,-0.02930852212011814,0.4216234087944031,0.5405974388122559,-0.05465463176369667,0.4812966585159302,0.5086352825164795,-0.07839218527078629,0.2777301073074341,0.44424647092819214,-0.007260908838361502,0.3111247420310974,0.32103902101516724,-0.04085981845855713,0.3365681767463684,0.24131730198860168,-0.053167298436164856,0.35388416051864624,0.17030471563339233,-0.060268502682447433,0.2365427017211914,0.43892475962638855,-0.02423749305307865,0.32682037353515625,0.40257710218429565,-0.07151184231042862,0.32258859276771545,0.5156456232070923,-0.06937985122203827,0.2849622964859009,0.5336736440658569,-0.0545123927295208,0.20401743054389954,0.44956254959106445,-0.045647382736206055,0.29348519444465637,0.4594132900238037,-0.09909731149673462,0.28754594922065735,0.5611454248428345,-0.08352725952863693,0.24936969578266144,0.5627840757369995,-0.058857545256614685,0.1774987131357193,0.47245413064956665,-0.06805793941020966,0.2557283341884613,0.48824411630630493,-0.09642158448696136,0.26118794083595276,0.561920702457428,-0.078697070479393,0.2295285016298294,0.5747852325439453,-0.05753548443317413
0.22688411176204681,0.7675453424453735,1.2250812631009467e-07,0.3004668056964874,0.7027976512908936,-0.011199538595974445,0.3575461506843567,0.6001434922218323,-0.028798047453165054,0.4212835431098938,0.5396338105201721,-0.05381667986512184,0.4807867109775543,0.5073123574256897,-0.07708665728569031,0.27790990471839905,0.4441590905189514,-0.006718635093420744,0.31148332357406616,0.32008466124534607,-0.04026104882359505,0.3365913927555084,0.24035179615020752,-0.0522063709795475,0.3539397418498993,0.16862797737121582,-0.058963146060705185,0.23667562007904053,0.43894997239112854,-0.023791678249835968,0.32708805799484253,0.4033238887786865,-0.07081227749586105,0.32209715247154236,0.5159059762954712,-0.0682641789317131,0.2842692732810974,0.5330018401145935,-0.0531478188931942,0.20369690656661987,0.4494292736053467,-0.045419130474328995,0.2932521104812622,0.45992258191108704,-0.0985691100358963,0.28665584325790405,0.5610129237174988,-0.08297745138406754,0.2482900321483612,0.5620078444480896,-0.05840013921260834,0.17655912041664124,0.4719575047492981,-0.06811796128749847,0.2549015283584595,0.488155335187912,-0.0962386429309845,0.25991711020469666,0.5611202716827393,-0.07867118716239929,0.22791919112205505,0.573519229888916,-0.05764849856495857
0.22648632526397705,0.7661651372909546,1.1348866024718518e-07,0.30106857419013977,0.7010789513587952,-0.011997748166322708,0.35740751028060913,0.6000130772590637,-0.029886862263083458,0.4212082028388977,0.5395760536193848,-0.05489756911993027,0.480495810508728,0.5068227052688599,-0.07793886959552765,0.27836230397224426,0.4442882537841797,-0.0075265150517225266,0.3108898401260376,0.3206467628479004,-0.04174870252609253,0.3358292579650879,0.24120372533798218,-0.05381428450345993,0.3529081642627716,0.16962137818336487,-0.060469482094049454,0.23666885495185852,0.4395579695701599,-0.02423195354640484,0.3260554075241089,0.4033489227294922,-0.07159125804901123,0.3212898373603821,0.5165815949440002,-0.06889092922210693,0.2833949625492096,0.5319596529006958,-0.05352601781487465,0.2036134898662567,0.4500979781150818,-0.04564567655324936,0.29187503457069397,0.46045830845832825,-0.0995933786034584,0.2859252095222473,0.561622679233551,-0.08411543071269989,0.24721254408359528,0.5601134896278381,-0.05941544100642204,0.1765533685684204,0.4729175567626953,-0.06811397522687912,0.2529451847076416,0.48897865414619446,-0.09656719118356705,0.2585024833679199,0.5613915920257568,-0.07882427424192429,0.22594678401947021,0.5724324584007263,-0.057621069252491
0.2249298095703125,0.7680214643478394,1.1824035794916199e-07,0.2992169260978699,0.7029274702072144,-0.012680990621447563,0.35589444637298584,0.6005251407623291,-0.030436325818300247,0.420421302318573,0.5394123792648315,-0.054831407964229584,0.4803311824798584,0.5068646669387817,-0.07707411795854568,0.2770812213420868,0.4437672197818756,-0.007809283211827278,0.3105343282222748,0.32162895798683167,-0.04235731065273285,0.33560091257095337,0.24185267090797424,-0.054510511457920074,0.3529103994369507,0.17045199871063232,-0.06101218983530998,0.23552891612052917,0.438662588596344,-0.02418636344373226,0.3258128762245178,0.40149354934692383,-0.07092588394880295,0.32078370451927185,0.5155531167984009,-0.06736095249652863,0.28296932578086853,0.5309449434280396,-0.05127726495265961,0.2025562822818756,0.44928210973739624,-0.045498527586460114,0.2916693687438965,0.4588629901409149,-0.09963715821504593,0.2860315442085266,0.5605465769767761,-0.08413798362016678,0.2474098801612854,0.5582900047302246,-0.059262342751026154,0.1760748326778412,0.4730220139026642,-0.06784849613904953,0.25265631079673767,0.4883655607700348,-0.09610624611377716,0.25874724984169006,0.5610718727111816,-0.07796881347894669,0.2260228991508484,0.5723289847373962,-0.056529294699430466
0.2250119149684906,0.7671855092048645,1.294878586577397e-07,0.2988381087779999,0.7019113898277283,-0.011714572086930275,0.3551752269268036,0.5994221568107605,-0.029686348512768745,0.41944125294685364,0.5383371710777283,-0.054534874856472015,0.47934192419052124,0.5052039623260498,-0.07751858979463577,0.2766709327697754,0.4430462121963501,-0.009060035459697247,0.3120799958705902,0.31989675760269165,-0.042479828000068665,0.33768248558044434,0.24055516719818115,-0.054465845227241516,0.35470300912857056,0.16907218098640442,-0.06139267608523369,0.23510418832302094,0.4378208816051483,-0.02567099966108799,0.32702797651290894,0.40266740322113037,-0.07141321897506714,0.322745680809021,0.5144433975219727,-0.06857487559318542,0.2849072515964508,0.5302823781967163,-0.05382826551795006,0.20249515771865845,0.4490320086479187,-0.04668013006448746,0.2927587628364563,0.45975595712661743,-0.09898030757904053,0.28706008195877075,0.5595868229866028,-0.08369047939777374,0.24851180613040924,0.5586858987808228,-0.05983390659093857,0.17667818069458008,0.472968727350235,-0.06869596987962723,0.25491008162498474,0.4886578321456909,-0.09621721506118774,0.26078203320503235,0.5605818033218384,-0.07843328267335892,0.22828325629234314,0.5724553465843201,-0.05756867676973343
0.22532546520233154,0.7673190832138062,1.3294655332174443e-07,0.2996917963027954,0.701811671257019,-0.011849988251924515,0.3559838533401489,0.5997357964515686,-0.030368002131581306,0.41963306069374084,0.5382614731788635,-0.056080348789691925,0.4794425368309021,0.5049976110458374,-0.08017577975988388,0.2791164219379425,0.44365930557250977,-0.008747617714107037,0.31361889839172363,0.32060378789901733,-0.04258613660931587,0.33878248929977417,0.23989540338516235,-0.05498551204800606,0.355223685503006,0.16820287704467773,-0.06231110170483589,0.2366640567779541,0.43798139691352844,-0.025495583191514015,0.3284664750099182,0.4023994505405426,-0.07272110134363174,0.3242332339286804,0.5146929025650024,-0.07068903744220734,0.28613168001174927,0.5320650339126587,-0.05596592277288437,0.20380786061286926,0.4489196538925171,-0.04661453515291214,0.29376962780952454,0.46027353405952454,-0.10006903856992722,0.2878955900669098,0.5605590343475342,-0.08498313277959824,0.2493569552898407,0.560663640499115,-0.06081429123878479,0.17783832550048828,0.47260043025016785,-0.06873545050621033,0.2561081647872925,0.48890170454978943,-0.09720857441425323,0.26128673553466797,0.5616872906684875,-0.07972133159637451,0.22885656356811523,0.5735020637512207,-0.058808859437704086
0.22414851188659668,0.7665858864784241,1.1812112177267409e-07,0.29888594150543213,0.7019434571266174,-0.011730566620826721,0.355511337518692,0.5998095870018005,-0.030171029269695282,0.4197230041027069,0.538536548614502,-0.055713627487421036,0.4801107347011566,0.5050647854804993,-0.07944343239068985,0.2780044674873352,0.44424158334732056,-0.008966002613306046,0.31143882870674133,0.32108569145202637,-0.0438772551715374,0.3375553488731384,0.24183475971221924,-0.0566110722720623,0.35540950298309326,0.1712082326412201,-0.06370065361261368,0.23658497631549835,0.438983678817749,-0.025907812640070915,0.32780349254608154,0.4023914039134979,-0.0734778568148613,0.3227947950363159,0.5153728723526001,-0.07092498987913132,0.28438422083854675,0.5313242077827454,-0.055753715336322784,0.20393958687782288,0.44975370168685913,-0.04739023745059967,0.29286810755729675,0.46015942096710205,-0.1015397235751152,0.2867926359176636,0.5613499879837036,-0.08573209494352341,0.2479979544878006,0.5606041550636292,-0.06085982173681259,0.17780211567878723,0.4731124937534332,-0.06984248012304306,0.2542259097099304,0.4883016347885132,-0.09837484359741211,0.2599511444568634,0.561186671257019,-0.08004303276538849,0.22745241224765778,0.5730553865432739,-0.05845266953110695
0.2234252542257309,0.7680429220199585,1.134749822995218e-07,0.29850339889526367,0.7034083008766174,-0.011636876501142979,0.3550918698310852,0.6011807918548584,-0.02999149262905121,0.4190807342529297,0.539415717124939,-0.05537404865026474,0.4786738157272339,0.5045203566551208,-0.07885101437568665,0.2772258222103119,0.4442507326602936,-0.008982724510133266,0.3116375505924225,0.3215550482273102,-0.043935101479291916,0.33861735463142395,0.24207249283790588,-0.05682031437754631,0.35730239748954773,0.17134374380111694,-0.0640396699309349,0.23598451912403107,0.43886300921440125,-0.025972843170166016,0.32730332016944885,0.404028981924057,-0.07294723391532898,0.32188305258750916,0.5168198347091675,-0.07001829147338867,0.2834590673446655,0.5320101380348206,-0.05487799271941185,0.2034902423620224,0.44962427020072937,-0.04758897423744202,0.29279136657714844,0.46070632338523865,-0.10107541084289551,0.2868175506591797,0.5612605214118958,-0.08504804223775864,0.24827438592910767,0.5597563982009888,-0.060388337820768356,0.1779499351978302,0.47346916794776917,-0.07023714482784271,0.25422778725624084,0.48926007747650146,-0.09849327802658081,0.2600231468677521,0.5614272952079773,-0.08025909960269928,0.227523535490036,0.5728001594543457,-0.05889182165265083
0.22402794659137726,0.7687811851501465,1.212549562978893e-07,0.29872947931289673,0.7038487195968628,-0.009629456326365471,0.3551887273788452,0.6016300916671753,-0.027540626004338264,0.4188353717327118,0.5405811667442322,-0.05310294032096863,0.4780701994895935,0.5051550269126892,-0.07720679044723511,0.27752548456192017,0.4448976516723633,-0.007686750032007694,0.31274616718292236,0.32147854566574097,-0.04193245619535446,0.340175986289978,0.24140632152557373,-0.055115506052970886,0.35900551080703735,0.17051482200622559,-0.06290045380592346,0.23657585680484772,0.43934041261672974,-0.025517191737890244,0.3292669653892517,0.4059348702430725,-0.0723634883761406,0.32394903898239136,0.5167029500007629,-0.07047809660434723,0.28524208068847656,0.533383846282959,-0.05639578774571419,0.204240083694458,0.4501287043094635,-0.04758356511592865,0.29469823837280273,0.46197783946990967,-0.10033505409955978,0.2879893481731415,0.5613465905189514,-0.08475073426961899,0.24925681948661804,0.5616070032119751,-0.060741133987903595,0.17883539199829102,0.47363007068634033,-0.07052488625049591,0.25703808665275574,0.48954519629478455,-0.0985722690820694,0.26183223724365234,0.5622677803039551,-0.08057454973459244,0.22918245196342468,0.574714183807373,-0.05951588600873947
0.2238462120294571,0.7707231044769287,1.1345731110168344e-07,0.29872196912765503,0.7051528096199036,-0.010418176651000977,0.3549096882343292,0.602258026599884,-0.028397338464856148,0.4185682237148285,0.5402173399925232,-0.05374355614185333,0.4783240556716919,0.5045835375785828,-0.07744716852903366,0.2774953246116638,0.4451785385608673,-0.007867955602705479,0.3124321401119232,0.3224591016769409,-0.04229344055056572,0.3394489586353302,0.24255284667015076,-0.055316101759672165,0.35804033279418945,0.1717359721660614,-0.0628364086151123,0.23654794692993164,0.4395507276058197,-0.025410616770386696,0.3287082612514496,0.4053010046482086,-0.07187435030937195,0.3236099183559418,0.517132043838501,-0.06931400299072266,0.2851021885871887,0.5330957770347595,-0.054678428918123245,0.20398026704788208,0.45027512311935425,-0.04739251360297203,0.2936272919178009,0.46122080087661743,-0.10011153668165207,0.2876906096935272,0.5614496469497681,-0.08415577560663223,0.24895165860652924,0.5611656904220581,-0.05981266126036644,0.17816288769245148,0.4741840362548828,-0.07034190744161606,0.25492724776268005,0.4894016981124878,-0.09819525480270386,0.2608192563056946,0.5618572235107422,-0.07984388619661331,0.22826051712036133,0.5739817023277283,-0.058502163738012314
0.22404217720031738,0.7714161276817322,1.2535140569980285e-07,0.2987857758998871,0.7057426571846008,-0.009660067036747932,0.3548896014690399,0.6037744283676147,-0.02811262011528015,0.41803792119026184,0.5399845242500305,-0.05409875884652138,0.4771825671195984,0.5024016499519348,-0.07855384051799774,0.27774277329444885,0.4460895359516144,-0.007944435812532902,0.31248441338539124,0.32334303855895996,-0.04234122857451439,0.3400461673736572,0.24271824955940247,-0.05557556822896004,0.35828375816345215,0.17198237776756287,-0.06324584037065506,0.23652128875255585,0.4406198263168335,-0.025931570678949356,0.3291794955730438,0.40362411737442017,-0.0722692683339119,0.32530879974365234,0.5152841806411743,-0.06964156776666641,0.28650420904159546,0.5327346324920654,-0.05496230348944664,0.20387142896652222,0.4516684412956238,-0.04815969243645668,0.2940644323825836,0.4610157310962677,-0.10093899071216583,0.2882249355316162,0.5610906481742859,-0.0848153829574585,0.24857939779758453,0.5616235733032227,-0.0603322796523571,0.17805103957653046,0.47580841183662415,-0.07118411362171173,0.255896657705307,0.4894438683986664,-0.09899311512708664,0.26151302456855774,0.5622206330299377,-0.08022890985012054,0.22813332080841064,0.5749132037162781,-0.0586126372218132
0.2232992798089981,0.771506667137146,1.331438568286103e-07,0.2982523441314697,0.705866813659668,-0.010525011457502842,0.35439425706863403,0.603975772857666,-0.029568031430244446,0.41763755679130554,0.5401136875152588,-0.05594346299767494,0.4770798683166504,0.5030804872512817,-0.08078016340732574,0.27669501304626465,0.44596949219703674,-0.00972101092338562,0.31592637300491333,0.3237110376358032,-0.04519686475396156,0.3452473282814026,0.2433311641216278,-0.05925002321600914,0.3642885088920593,0.17115935683250427,-0.06761826574802399,0.23488470911979675,0.4396594762802124,-0.027609044685959816,0.32832127809524536,0.4033782482147217,-0.07456193119287491,0.3239741325378418,0.5169281363487244,-0.07214672118425369,0.2847244441509247,0.5336980223655701,-0.0578124038875103,0.20238983631134033,0.45052093267440796,-0.04973717778921127,0.2936282455921173,0.4607981741428375,-0.10283075273036957,0.28789034485816956,0.5620633363723755,-0.08614763617515564,0.24820563197135925,0.561631441116333,-0.06148359924554825,0.17728447914123535,0.47485485672950745,-0.07280340790748596,0.2552947700023651,0.4896097779273987,-0.10094886273145676,0.26099732518196106,0.5630961656570435,-0.08189084380865097,0.22804903984069824,0.5752391219139099,-0.0601162426173687
0.22312867641448975,0.7710545063018799,1.2045208563904453e-07,0.2981386184692383,0.7052275538444519,-0.011746122501790524,0.35474032163619995,0.6031597256660461,-0.030349349603056908,0.41759657859802246,0.5392590761184692,-0.055829454213380814,0.47668880224227905,0.5021199584007263,-0.07957722246646881,0.27748608589172363,0.4455792307853699,-0.009559795260429382,0.31716370582580566,0.3249448537826538,-0.044388942420482635,0.3453121781349182,0.24617227911949158,-0.05783681944012642,0.3638949990272522,0.17491614818572998,-0.06582369655370712,0.23505225777626038,0.4395325183868408,-0.026678815484046936,0.32781609892845154,0.40342482924461365,-0.07291854172945023,0.3229020833969116,0.5171958804130554,-0.07043813169002533,0.2845200300216675,0.5338522791862488,-0.05611807107925415,0.20217637717723846,0.45087680220603943,-0.048218995332717896,0.29227450489997864,0.4607217609882355,-0.1007416844367981,0.28649187088012695,0.5620079040527344,-0.08449452370405197,0.24747943878173828,0.5611376166343689,-0.060224782675504684,0.17661768198013306,0.4759397804737091,-0.07082051038742065,0.25325313210487366,0.4893868863582611,-0.09846179187297821,0.25918325781822205,0.5620449185371399,-0.0796143189072609,0.2264343500137329,0.5738943815231323,-0.05807448551058769
0.22413025796413422,0.7686943411827087,1.3730340242545935e-07,0.29746803641319275,0.704927921295166,-0.013729974627494812,0.3542696535587311,0.6034389138221741,-0.03363284468650818,0.41706225275993347,0.5388859510421753,-0.05991129204630852,0.47626030445098877,0.5011084079742432,-0.08452293276786804,0.2784826457500458,0.4446631968021393,-0.012383162043988705,0.31736597418785095,0.3246191143989563,-0.047749172896146774,0.3452410399913788,0.24524682760238647,-0.06171185150742531,0.36326929926872253,0.17395547032356262,-0.07007182389497757,0.2354927957057953,0.43846991658210754,-0.028459280729293823,0.3271362781524658,0.40150728821754456,-0.07543931156396866,0.32306337356567383,0.5161024332046509,-0.0732043907046318,0.2850337326526642,0.534034013748169,-0.05885843560099602,0.20221535861492157,0.45033329725265503,-0.048910900950431824,0.29155677556991577,0.4599878191947937,-0.10211797058582306,0.2862921953201294,0.5615439414978027,-0.0858151912689209,0.24746620655059814,0.5615155100822449,-0.06132039055228233,0.17588049173355103,0.47600477933883667,-0.07049240171909332,0.2522296607494354,0.48895370960235596,-0.09883471578359604,0.25835928320884705,0.5620783567428589,-0.07998476922512054,0.225923091173172,0.57425457239151,-0.05827216058969498
0.224514901638031,0.7694981098175049,1.3600212867004302e-07,0.2972324788570404,0.7062350511550903,-0.012505271472036839,0.35416677594184875,0.6039590835571289,-0.0316612645983696,0.41619041562080383,0.5388363599777222,-0.05756433680653572,0.47424399852752686,0.49899253249168396,-0.08171644061803818,0.2761811316013336,0.4476441442966461,-0.01043439470231533,0.31492793560028076,0.32539087533950806,-0.045746054500341415,0.34340187907218933,0.24590188264846802,-0.059665288776159286,0.3618960380554199,0.17371192574501038,-0.06806375086307526,0.23460637032985687,0.4411157965660095,-0.027228811755776405,0.327716201543808,0.40314245223999023,-0.0755341500043869,0.3236611485481262,0.5170955657958984,-0.0744105651974678,0.28468194603919983,0.5350925922393799,-0.060494568198919296,0.20211374759674072,0.45187827944755554,-0.048319801688194275,0.2925194203853607,0.4610616862773895,-0.10231052339076996,0.28666073083877563,0.5623703598976135,-0.086269810795784,0.2470906376838684,0.5618868470191956,-0.06165961176156998,0.1762639433145523,0.4760898947715759,-0.07042177766561508,0.253530889749527,0.48850321769714355,-0.09932882338762283,0.25924599170684814,0.5618634223937988,-0.08064442127943039,0.22668498754501343,0.5739510655403137,-0.058809418231248856
0.2251741886138916,0.7696943283081055,1.3137612597802217e-07,0.29776179790496826,0.7057366967201233,-0.013177127577364445,0.3545617163181305,0.6032606959342957,-0.03229978680610657,0.41638946533203125,0.5376762747764587,-0.0579092763364315,0.4746072590351105,0.4976940453052521,-0.08164644241333008,0.27703627943992615,0.4472241997718811,-0.010402261279523373,0.3156092166900635,0.3261667490005493,-0.045404743403196335,0.3443222641944885,0.2477400302886963,-0.0587519109249115,0.36316177248954773,0.17683741450309753,-0.06649605184793472,0.23499268293380737,0.44102174043655396,-0.02675081044435501,0.32664957642555237,0.403093159198761,-0.07398346811532974,0.32281431555747986,0.5174311399459839,-0.0721137672662735,0.2843402624130249,0.5350831151008606,-0.057686880230903625,0.20214655995368958,0.45239585638046265,-0.04755016788840294,0.2913515269756317,0.46236464381217957,-0.10086565464735031,0.28561392426490784,0.5636144876480103,-0.0848851427435875,0.24594414234161377,0.5628969073295593,-0.06032833829522133,0.1759677231311798,0.477220743894577,-0.069439597427845,0.2518949508666992,0.48971840739250183,-0.0976857990026474,0.25829026103019714,0.5623437166213989,-0.07891438901424408,0.22574637830257416,0.5746261477470398,-0.05702482908964157
0.2249315083026886,0.7703704237937927,1.344826898730389e-07,0.29713016748428345,0.706384539604187,-0.012426700443029404,0.354248046875,0.603386402130127,-0.03128580003976822,0.41644641757011414,0.5380449891090393,-0.05684865638613701,0.4750160574913025,0.4982813596725464,-0.08073697239160538,0.276632696390152,0.4472278654575348,-0.00942513719201088,0.3161255717277527,0.3266807794570923,-0.044020380824804306,0.345315158367157,0.24850478768348694,-0.05759425833821297,0.3645181655883789,0.17803838849067688,-0.06562326103448868,0.23469290137290955,0.4407908022403717,-0.02606434002518654,0.32663536071777344,0.40326884388923645,-0.07295452058315277,0.3227580487728119,0.5170333385467529,-0.0715625137090683,0.2843537926673889,0.535733163356781,-0.05762876570224762,0.20191213488578796,0.45215511322021484,-0.04704675450921059,0.29155707359313965,0.46185094118118286,-0.09974858164787292,0.2857211232185364,0.5627354383468628,-0.08397486060857773,0.2464507669210434,0.5632655024528503,-0.05973144993185997,0.1756477653980255,0.4768264889717102,-0.06907780468463898,0.25174999237060547,0.48888108134269714,-0.09684725105762482,0.257986843585968,0.5615246891975403,-0.07806172966957092,0.226019024848938,0.5746409296989441,-0.05628013238310814
